model_name,dataset,threshold,roc_auc,pr_auc,brier_score,accuracy,balanced_accuracy,precision,recall,specificity,f1,mcc,review_rate,business_cost,true_negative,false_positive,false_negative,true_positive,default_count,non_default_count
xgboost_hyperopt_tuned,test,0.5,0.7464025498731524,0.216378579703681,0.2046343102404111,0.6555572087486982,0.6871545788067293,0.17031410916580844,0.7257268239166209,0.6485823336968375,0.27588364091335627,0.2205695607977707,0.385260129940981,5722500.0,11895,6445,500,1323,1823,18340
xgboost_hyperopt_tuned_skew_treated,test,0.5,0.7463285678992111,0.21629681072649004,0.20458123279045903,0.6553092297773149,0.6885003269144836,0.17071290944123313,0.7290181020296215,0.6479825517993457,0.2766444629475437,0.2220652258162543,0.386103258443684,5698000.0,11884,6456,494,1329,1823,18340
xgboost_weighted_baseline,test,0.5,0.7478387602732801,0.21465315399443477,0.2013754282942889,0.664385260129941,0.6897842663506593,0.1735340729001585,0.7207899067471202,0.6587786259541984,0.27972325705162326,0.22477488616685606,0.37553935426275853,5674000.0,12082,6258,509,1314,1823,18340
random_forest_random_search_tuned,test,0.5,0.7465752492536001,0.21298275249906928,0.19625313302743738,0.6730645241283539,0.6871449478402408,0.17500340738721548,0.7043335161821174,0.6699563794983643,0.28034934497816594,0.22309828189064948,0.3638843426077469,5721500.0,12287,6053,539,1284,1823,18340
random_forest_weighted_baseline,test,0.5,0.7430955840523159,0.2114842490017806,0.19339277937509444,0.6825869166294698,0.6834870349843363,0.17644563834299448,0.6845858475041141,0.6823882224645583,0.2805755395683453,0.22052443912887404,0.3507910529187125,5787500.0,12515,5825,575,1248,1823,18340
logistic_regression_train_only_baseline,test,0.5,0.7397337935060965,0.20953501492688192,0.20789853406808878,0.6759410801963993,0.6803278386974627,0.1733462765219803,0.6856829402084477,0.6749727371864777,0.2767323444764224,0.21578418292035312,0.35763527252888955,5845500.0,12379,5961,573,1250,1823,18340
