validation_operational_rank,validation_objective,model_name,dataset,threshold,roc_auc,pr_auc,brier_score,accuracy,balanced_accuracy,precision,recall,specificity,f1,mcc,review_rate,business_cost,true_negative,false_positive,false_negative,true_positive,default_count,non_default_count
1,minimum_cost_review_rate_le_30pct,xgboost_weighted_baseline,test,0.56,0.7478387602732801,0.21465315399443477,0.2013754282942889,0.7274215146555572,0.6799734370765889,0.19087695674128935,0.6220515633571037,0.7378953107960742,0.2921174652241113,0.22642339246690804,0.29464861379755,5848500.0,13533,4807,689,1134,1823,18340
2,minimum_cost_review_rate_le_30pct,xgboost_hyperopt_tuned,test,0.565,0.7464025498731524,0.216378579703681,0.2046343102404111,0.7307940286663691,0.6758990596946446,0.1905579399141631,0.6088864509051015,0.7429116684841875,0.29027196652719667,0.22258416292678462,0.2888955016614591,5922500.0,13625,4715,713,1110,1823,18340
3,minimum_cost_review_rate_le_30pct,xgboost_hyperopt_tuned_skew_treated,test,0.565,0.7463285678992111,0.21629681072649004,0.20458123279045903,0.7316867529633487,0.6766368007006079,0.19125494921673267,0.6094349972572682,0.7438386041439476,0.29114255765199165,0.22370053694017716,0.2881019689530328,5909000.0,13642,4698,712,1111,1823,18340
4,minimum_cost_review_rate_le_30pct,random_forest_random_search_tuned,test,0.545,0.7465752492536001,0.21298275249906928,0.19625313302743738,0.7289589842781332,0.6795835324829769,0.19135593220338984,0.6193088315962699,0.7398582333696837,0.29237343001424315,0.22639042709800541,0.2926151862322075,5855500.0,13569,4771,694,1129,1823,18340
5,maximum_mcc,random_forest_weighted_baseline,test,0.545,0.7430955840523159,0.2114842490017806,0.19339277937509447,0.7354560333283737,0.6764856812652578,0.19282589676290462,0.6044980800877674,0.7484732824427481,0.2923852480764128,0.2246055521051365,0.28343996429102813,5911500.0,13727,4613,721,1102,1823,18340
6,minimum_cost_review_rate_le_30pct,logistic_regression_train_only_baseline,test,0.55,0.7397337935060965,0.20953501492688192,0.20789853406808878,0.7250409165302782,0.6732305940511734,0.1870479394449117,0.609983543609435,0.7364776444929116,0.286302780638517,0.21789757949186828,0.29484699697465655,5971500.0,13507,4833,711,1112,1823,18340
