model_name,threshold,roc_auc,pr_auc,brier_score,accuracy,balanced_accuracy,precision,recall,f1,mcc,review_rate,business_cost,true_negative,false_positive,false_negative,true_positive,default_count,non_default_count
dummy_most_frequent,0.5,0.5,0.09041313296632446,0.09041313296632446,0.9095868670336755,0.5,0.0,0.0,0.0,0.0,0.0,9115000.0,18340,0,1823,0,1823,18340
logistic_regression_balanced,0.5,0.7394899087211692,0.2094990581403806,0.207977135962718,0.6750483558994197,0.6790960769663772,0.1726429461442614,0.6840373011519474,0.2757019677205395,0.2142313985402674,0.3582304220602093,5868000.0,12364,5976,576,1247,1823,18340
random_forest_baseline,0.5,0.742588776873238,0.21216368755602058,0.1979881764188279,0.6752467390765263,0.6824162629337599,0.17391304347826086,0.6911684037301152,0.2779003087781209,0.21805684040749204,0.35932152953429547,5807500.0,12355,5985,563,1260,1823,18340
random_forest_tuned_random_search,0.5,0.7469618637654926,0.21330060950180402,0.19217778575601058,0.6813966175668303,0.6875259243484592,0.17757533286615276,0.6950082281952825,0.28287564188434916,0.22493055085594058,0.3538659921638645,5714000.0,12472,5868,556,1267,1823,18340
xgboost_baseline_weighted,0.5,0.7473640613008026,0.2154497200270657,0.20320202566730772,0.6594256807022765,0.6887870575363509,0.17187093416601612,0.7246297312122875,0.27784204437900933,0.22294099526260713,0.3811932748102961,5692500.0,11975,6365,502,1321,1823,18340
xgboost_tuned_hyperopt,0.5,0.7480397992212676,0.21672133061821958,0.20275666704225573,0.6579874026682537,0.6887374670318858,0.17148037818935372,0.7262753702687877,0.2774518021793797,0.22268924517315872,0.38292912760997866,5693500.0,11943,6397,499,1324,1823,18340
