model_name,threshold,roc_auc,pr_auc,brier_score,accuracy,balanced_accuracy,precision,recall,f1,mcc,review_rate,business_cost,true_negative,false_positive,false_negative,true_positive,default_count,non_default_count
dummy_most_frequent,0.5,0.5,0.09041313296632446,0.09041313296632446,0.9095868670336755,0.5,0.0,0.0,0.0,0.0,0.0,9115000.0,18340,0,1823,0,1823,18340
logistic_regression_balanced,0.5,0.7434648807704295,0.22026238424200217,0.20851342566429906,0.6738580568367802,0.6789357901669626,0.17225210315818507,0.6851343938562808,0.2752920432003526,0.21385750702107872,0.35961910429995536,5871000.0,12338,6002,574,1249,1823,18340
random_forest_baseline,0.5,0.7460589606572027,0.2228683878431326,0.1991865869291996,0.6724197788027575,0.6820973343757908,0.17300328227571116,0.693911135490949,0.2769567597153804,0.2172401184609708,0.3626444477508307,5813500.0,12293,6047,558,1265,1823,18340
random_forest_tuned_random_search,0.5,0.7495872143835194,0.2246517322911867,0.1939140954274483,0.6768338044933789,0.6867468180423295,0.17594254937163376,0.6988480526604498,0.28111209179170343,0.22326058800888157,0.3591231463571889,5728500.0,12373,5967,549,1274,1823,18340
xgboost_baseline_weighted,0.5,0.7513250056380036,0.22664497924564062,0.2037910078708622,0.6582353816396369,0.6854156360236431,0.17039542143600417,0.7185957213384531,0.27547050783303545,0.21894870780358502,0.3812924663988494,5754000.0,11962,6378,513,1310,1823,18340
xgboost_tuned_hyperopt,0.5,0.7529441744915778,0.22950071396806282,0.2033309922057483,0.6581857858453604,0.6893405390110972,0.17173941199326512,0.7273724629731212,0.27787091366303435,0.22340080311630414,0.38292912760997866,5682500.0,11945,6395,497,1326,1823,18340
