colsample_bytree,gamma,learning_rate,max_depth,min_child_weight,n_estimators,reg_alpha,reg_lambda,subsample
0.7383480519232953,0.055207425680185745,0.01853256946598634,5,1.2858304322852132,450,0.09167840873566974,0.3078349683825589,0.7913221845916927
