evaluation_view,model_name,dataset,threshold,roc_auc,pr_auc,brier_score,recall,precision,f1,balanced_accuracy,mcc,review_rate,business_cost,false_negative,false_positive,true_positive,true_negative,selected_operating_threshold
validation_default_0_50,xgboost_weighted_baseline,validation,0.5,0.7511864483328559,0.2262509633206936,0.2020257960762295,0.7158529895776193,0.1709233791748526,0.2759568619158384,0.6853528851922993,0.2191679034581507,0.3786638893021872,5755000.0,518,6330,1305,12010,False
test_default_0_50,xgboost_weighted_baseline,test,0.5,0.7478387602732801,0.2146531539944347,0.2013754282942889,0.7207899067471202,0.1735340729001585,0.2797232570516232,0.6897842663506593,0.224774886166856,0.3755393542627585,5674000.0,509,6258,1314,12082,False
validation_selected_operating_threshold,xgboost_weighted_baseline,validation,0.56,0.7511864483328559,0.2262509633206936,0.2020257960762294,0.6258913878222709,0.1904841402337228,0.2920773070523487,0.6807483111412336,0.2268573940545615,0.2970788077171056,5834500.0,682,4849,1141,13491,True
test_selected_operating_threshold,xgboost_weighted_baseline,test,0.56,0.7478387602732801,0.2146531539944347,0.2013754282942889,0.6220515633571037,0.1908769567412893,0.2921174652241113,0.6799734370765889,0.226423392466908,0.29464861379755,5848500.0,689,4807,1134,13533,True
