model_name,dataset,threshold,roc_auc,pr_auc,brier_score,accuracy,balanced_accuracy,precision,recall,f1,mcc,review_rate,business_cost,true_negative,false_positive,false_negative,true_positive,default_count,non_default_count
xgboost_weighted,validation,0.5,0.7509693926688605,0.2291966328237051,0.20414443364106466,0.6576898279025939,0.6865978072502634,0.17066528336143172,0.7218869994514536,0.27606461086637296,0.2202189177745506,0.38243316966721225,5732500.0,11945,6395,507,1316,1823,18340
random_forest_balanced,validation,0.5,0.7443085474528486,0.22447965052489702,0.19848573453323012,0.6769329960819322,0.6793910327925436,0.17328318707340856,0.6823916620954471,0.2763830259942235,0.21487579464305925,0.3560482071120369,5862500.0,12405,5935,579,1244,1823,18340
logistic_regression_balanced,validation,0.5,0.7443902611188311,0.2196745107012779,0.20838593733423152,0.6718742250657145,0.6766102258132634,0.17085565169619557,0.6823916620954471,0.273286467486819,0.21088790794697393,0.3611069781282547,5913500.0,12303,6037,579,1244,1823,18340
