model_name,dataset,threshold,roc_auc,pr_auc,brier_score,accuracy,balanced_accuracy,precision,recall,f1,mcc,review_rate,business_cost,true_negative,false_positive,false_negative,true_positive,default_count,non_default_count
xgboost_weighted,test,0.5,0.7470298189079201,0.2165682769390357,0.2035306859846073,0.6588801269652333,0.6902162391255322,0.1722215017507457,0.7284695556774547,0.2785819173484372,0.2244893171075069,0.38243316966721225,5666500.0,11957,6383,495,1328,1823,18340
random_forest_balanced,test,0.5,0.7405091909928329,0.21115443158766373,0.1973457864286169,0.6786192530873382,0.6825410617153529,0.17492670668714225,0.6873285792649478,0.278878255063432,0.21875823772296868,0.3552546744036106,5805000.0,12430,5910,570,1253,1823,18340
logistic_regression_balanced,test,0.5,0.7395179791002046,0.20919139589338973,0.20810881588240338,0.6748995685165898,0.6834604750519084,0.17419443679427155,0.693911135490949,0.27848101265822783,0.21919250477315858,0.3601646580369985,5788500.0,12343,5997,558,1265,1823,18340
