evaluation_view,model_name,dataset,threshold,roc_auc,pr_auc,brier_score,recall,precision,f1,balanced_accuracy,mcc,review_rate,business_cost,false_negative,false_positive,true_positive,true_negative,selected_operating_threshold
validation_default_0_50,xgboost_weighted,validation,0.5,0.7509693926688605,0.2291966328237051,0.2041444336410646,0.7218869994514536,0.1706652833614317,0.2760646108663729,0.6865978072502634,0.2202189177745506,0.3824331696672122,5732500.0,507,6395,1316,11945,False
test_default_0_50,xgboost_weighted,test,0.5,0.7470298189079201,0.2165682769390357,0.2035306859846073,0.7284695556774547,0.1722215017507457,0.2785819173484372,0.6902162391255322,0.2244893171075069,0.3824331696672122,5666500.0,495,6383,1328,11957,False
validation_selected_operating_threshold,xgboost_weighted,validation,0.565,0.7509693926688605,0.2291966328237051,0.2041444336410646,0.6198573779484366,0.1898521505376344,0.2906752411575563,0.6784674021694201,0.2244078870685001,0.295194167534593,5876000.0,693,4822,1130,13518,True
test_selected_operating_threshold,xgboost_weighted,test,0.565,0.7470298189079201,0.2165682769390357,0.2035306859846073,0.6165660998354361,0.1907024092297251,0.2913049112349358,0.6782394294160823,0.2247630641669559,0.2923176114665476,5880000.0,699,4770,1124,13570,True
