split,row_count,row_pct,default_count,default_rate_pct
test,20163,15.000334779083001,1823,9.041313296632445
train,94091,69.99933044183399,8507,9.041247303142702
validation,20163,15.000334779083001,1823,9.041313296632445
