defaulter,target_label,row_count,row_pct
0,Non-default,122264,90.95873289836851
1,Default,12153,9.04126710163149
