is_verified,row_count,default_count,median_income,median_interest_rate,default_rate_pct,portfolio_share_pct,exposure,amount_missing_rate_pct,median_amount,exposure_share_pct,median_loan_to_income_ratio
Source Verified,33630,3125,62000.0,11.84,9.292298542967588,25.019156803082943,3659234232.0,20.270591733571216,75565.0,24.895256528430668,1.238057142857143
Unknown,33507,3057,62000.0,11.84,9.12346673829349,24.927650520395485,3734907051.0,20.37783149789596,78946.0,25.41008944750424,1.2596363636363637
Not Verified,33722,3024,61798.0,11.84,8.967439653638575,25.08760052671909,3654402811.0,20.763893007532175,75422.0,24.86238640928388,1.219327807017544
Verified,33558,2947,62000.0,11.84,8.781810596579056,24.96559214980248,3649975794.0,20.83258835449073,76603.0,24.832267614781216,1.2184444444444444
