home,row_count,default_count,median_income,median_interest_rate,default_rate_pct,portfolio_share_pct,exposure,amount_missing_rate_pct,median_amount,exposure_share_pct,median_loan_to_income_ratio
Other/None,88,16,54500.0,13.83,18.181818181818183,0.06546790956501038,9352989.0,1.1363636363636365,65190.0,0.06363218250046974,0.9991764705882352
Rent,56442,5853,53000.0,12.06,10.36993728074838,41.99022445077632,2111629876.0,23.489599943304633,32072.0,14.366275598429151,0.5842139098604437
Own,12397,1080,53467.0,11.84,8.711785109300637,9.222791759970837,1031294798.0,17.504234895539245,39924.0,7.016317328943836,0.7793269230769231
Mortgage,65490,5204,72000.0,11.73,7.946251336081844,48.721515879687836,11546242225.0,18.64254084593068,188163.0,78.55377489012653,2.632669902912621
