employment_type,row_count,default_count,median_income,median_interest_rate,default_rate_pct,portfolio_share_pct,exposure,amount_missing_rate_pct,median_amount,exposure_share_pct,median_loan_to_income_ratio
Self-Employed,9914,1451,60000.0,12.35,14.635868468831955,7.3755551753126465,661358688.0,48.950978414363526,68749.0,4.4994917382119475,1.121225
Salaried,44817,4019,62000.0,11.84,8.967579266796081,33.34176480653489,4913757818.0,20.322645424727224,77357.0,33.43028995736935,1.2427
Unknown,79686,6683,62000.0,11.84,8.386667670607133,59.28268001815247,9123403382.0,17.163617197500187,76655.0,62.07021830441871,1.2415602836879434
