work_experience,row_count,default_count,median_income,median_interest_rate,default_rate_pct,portfolio_share_pct,exposure,amount_missing_rate_pct,median_amount,exposure_share_pct,median_loan_to_income_ratio
2-3,1538,249,60000.0,12.73,16.189856957087127,1.1442005103521133,164623095.0,10.92327698309493,55098.0,1.1199977702135826,0.9522059386973181
5-10,8132,1236,60000.0,12.73,15.199212985735366,6.049830006621186,936799126.0,9.702410231185441,67151.0,6.373424896780327,1.0963562091503267
1-2,1843,269,60000.0,12.73,14.595767769940316,1.371106333276297,217096596.0,9.983722192078133,59926.0,1.4769963074801808,1.0137142857142858
<1,1443,203,58000.0,12.73,14.067914067914067,1.0735249261626132,153151240.0,10.325710325710325,54814.5,1.0419500818244565,0.9709402412280702
10+,6486,895,70000.0,12.73,13.798951588035768,4.825282516348379,954183466.0,8.541473943879124,124150.5,6.4916976217381155,1.7451172442244225
3-5,1392,189,60000.0,12.73,13.577586206896552,1.0355832967556187,158227144.0,11.709770114942529,64613.0,1.0764835181070036,1.018883116883117
Unknown,113583,9112,61900.0,11.73,8.022327284892986,84.5004724104838,12114439221.0,22.565876935809058,76445.5,82.41944980385634,1.2382523085425228
