loan_category,row_count,default_count,median_income,median_interest_rate,default_rate_pct,portfolio_share_pct,exposure,amount_missing_rate_pct,median_amount,exposure_share_pct,median_loan_to_income_ratio
Business,2236,434,70000.0,13.23,19.409660107334524,1.6634800657654911,173506382.0,43.20214669051878,62201.0,1.18043437925782,0.8909733333333334
Other,8225,935,57900.0,12.64,11.367781155015196,6.119017683775118,650587568.0,29.422492401215806,46868.0,4.426211434602646,0.8603958333333334
Medical,1379,150,60000.0,12.35,10.877447425670777,1.025911901024424,130687686.0,23.785351704133433,58750.0,0.8891214013099005,1.0406486486486486
Consolidation,80868,7637,62000.0,12.06,9.44378493347183,60.1620330761734,9009189646.0,18.75649206113667,78084.0,61.293175875178974,1.250785
Home,8503,735,70000.0,11.73,8.644007997177466,6.325836761719128,1104943930.0,25.69681288956839,128046.0,7.517382283518804,1.7769521052631578
Car,1538,115,52000.0,10.83,7.477243172951886,1.1442005103521133,100351576.0,37.90637191157347,44520.0,0.6827325252111126,0.873633658008658
Credit Card,31668,2147,60000.0,10.95,6.779714538335228,23.559520001190325,3529253100.0,18.908677529367186,75065.0,24.01094210092074,1.2371101190476188
